出品者SKU,商品名,ASIN,販売価格,在庫数,コンディション,商品タイプ,データ年月
SKU-ELEC-001,ワイヤレスイヤホン Pro,B08N5WRWNW,8980,25,new_new,WIRELESS_ACCESSORY,2022-01
SKU-ELEC-001,ワイヤレスイヤホン Pro,B08N5WRWNW,8980,18,new_new,WIRELESS_ACCESSORY,2022-07
SKU-ELEC-001,ワイヤレスイヤホン Pro,B08N5WRWNW,7980,12,new_new,WIRELESS_ACCESSORY,2023-01
SKU-ELEC-001,ワイヤレスイヤホン Pro,B08N5WRWNW,7980,8,new_new,WIRELESS_ACCESSORY,2023-07
SKU-ELEC-001,ワイヤレスイヤホン Pro,B08N5WRWNW,6980,5,new_new,WIRELESS_ACCESSORY,2024-01
SKU-ELEC-001,ワイヤレスイヤホン Pro,B08N5WRWNW,6980,3,new_new,WIRELESS_ACCESSORY,2024-07
SKU-HOME-002,スマートLED電球,B07DJHX9S8,2480,40,new_new,LIGHT_BULB,2022-01
SKU-HOME-002,スマートLED電球,B07DJHX9S8,2480,35,new_new,LIGHT_BULB,2022-07
SKU-HOME-002,スマートLED電球,B07DJHX9S8,2280,30,new_new,LIGHT_BULB,2023-01
SKU-HOME-002,スマートLED電球,B07DJHX9S8,2280,28,new_new,LIGHT_BULB,2023-07
SKU-HOME-002,スマートLED電球,B07DJHX9S8,1980,25,new_new,LIGHT_BULB,2024-01
SKU-HOME-002,スマートLED電球,B07DJHX9S8,1980,22,new_new,LIGHT_BULB,2024-07
SKU-BOOK-003,プログラミング入門書,B09KMJNBVX,2980,50,new_new,ABIS_BOOK,2022-01
SKU-BOOK-003,プログラミング入門書,B09KMJNBVX,2980,45,new_new,ABIS_BOOK,2022-07
SKU-BOOK-003,プログラミング入門書,B09KMJNBVX,2780,40,new_new,ABIS_BOOK,2023-01
SKU-BOOK-003,プログラミング入門書,B09KMJNBVX,2780,38,new_new,ABIS_BOOK,2023-07
SKU-BOOK-003,プログラミング入門書,B09KMJNBVX,2580,35,new_new,ABIS_BOOK,2024-01
SKU-BOOK-003,プログラミング入門書,B09KMJNBVX,2580,32,new_new,ABIS_BOOK,2024-07
SKU-KITC-004,ステンレス包丁セット,B08XMPL6YZ,6980,15,new_new,KNIFE,2022-01
SKU-KITC-004,ステンレス包丁セット,B08XMPL6YZ,6980,12,new_new,KNIFE,2022-07
SKU-KITC-004,ステンレス包丁セット,B08XMPL6YZ,6480,10,new_new,KNIFE,2023-01
SKU-KITC-004,ステンレス包丁セット,B08XMPL6YZ,6480,8,new_new,KNIFE,2023-07
SKU-KITC-004,ステンレス包丁セット,B08XMPL6YZ,5980,6,new_new,KNIFE,2024-01
SKU-KITC-004,ステンレス包丁セット,B08XMPL6YZ,5980,5,new_new,KNIFE,2024-07
SKU-SPOR-005,ヨガマット 厚手,B07QRST9UV,4980,30,new_new,EXERCISE_MAT,2022-01
SKU-SPOR-005,ヨガマット 厚手,B07QRST9UV,4980,28,new_new,EXERCISE_MAT,2022-07
SKU-SPOR-005,ヨガマット 厚手,B07QRST9UV,4680,25,new_new,EXERCISE_MAT,2023-01
SKU-SPOR-005,ヨガマット 厚手,B07QRST9UV,4680,22,new_new,EXERCISE_MAT,2023-07
SKU-SPOR-005,ヨガマット 厚手,B07QRST9UV,4280,20,new_new,EXERCISE_MAT,2024-01
SKU-SPOR-005,ヨガマット 厚手,B07QRST9UV,4280,18,new_new,EXERCISE_MAT,2024-07
SKU-BEAU-006,オーガニックシャンプー,B09VWXYZ12,2980,60,new_new,SHAMPOO,2022-01
SKU-BEAU-006,オーガニックシャンプー,B09VWXYZ12,2980,55,new_new,SHAMPOO,2022-07
SKU-BEAU-006,オーガニックシャンプー,B09VWXYZ12,2780,50,new_new,SHAMPOO,2023-01
SKU-BEAU-006,オーガニックシャンプー,B09VWXYZ12,2780,48,new_new,SHAMPOO,2023-07
SKU-BEAU-006,オーガニックシャンプー,B09VWXYZ12,2580,45,new_new,SHAMPOO,2024-01
SKU-BEAU-006,オーガニックシャンプー,B09VWXYZ12,2580,42,new_new,SHAMPOO,2024-07
SKU-TOYS-007,知育パズル 木製,B08ABCDEF3,3480,20,new_new,TOY_FIGURE,2022-01
SKU-TOYS-007,知育パズル 木製,B08ABCDEF3,3480,18,new_new,TOY_FIGURE,2022-07
SKU-TOYS-007,知育パズル 木製,B08ABCDEF3,3280,15,new_new,TOY_FIGURE,2023-01
SKU-TOYS-007,知育パズル 木製,B08ABCDEF3,3280,12,new_new,TOY_FIGURE,2023-07
SKU-TOYS-007,知育パズル 木製,B08ABCDEF3,2980,10,new_new,TOY_FIGURE,2024-01
SKU-TOYS-007,知育パズル 木製,B08ABCDEF3,2980,8,new_new,TOY_FIGURE,2024-07
SKU-GARD-008,多肉植物セット,B07GHIJKL4,2480,12,new_new,LIVE_PLANT,2022-01
SKU-GARD-008,多肉植物セット,B07GHIJKL4,2480,10,new_new,LIVE_PLANT,2022-07
SKU-GARD-008,多肉植物セット,B07GHIJKL4,2280,8,new_new,LIVE_PLANT,2023-01
SKU-GARD-008,多肉植物セット,B07GHIJKL4,2280,6,new_new,LIVE_PLANT,2023-07
SKU-GARD-008,多肉植物セット,B07GHIJKL4,2080,5,new_new,LIVE_PLANT,2024-01
SKU-GARD-008,多肉植物セット,B07GHIJKL4,2080,4,new_new,LIVE_PLANT,2024-07
SKU-STAT-009,高機能ボールペン,B09MNOPQR5,780,80,new_new,PEN,2022-01
SKU-STAT-009,高機能ボールペン,B09MNOPQR5,780,75,new_new,PEN,2022-07
SKU-STAT-009,高機能ボールペン,B09MNOPQR5,680,70,new_new,PEN,2023-01
SKU-STAT-009,高機能ボールペン,B09MNOPQR5,680,65,new_new,PEN,2023-07
SKU-STAT-009,高機能ボールペン,B09MNOPQR5,580,60,new_new,PEN,2024-01
SKU-STAT-009,高機能ボールペン,B09MNOPQR5,580,55,new_new,PEN,2024-07
SKU-CLOT-010,オーガニックコットンTシャツ,B08STUVWX6,3980,35,new_new,SHIRT,2022-01
SKU-CLOT-010,オーガニックコットンTシャツ,B08STUVWX6,3980,32,new_new,SHIRT,2022-07
SKU-CLOT-010,オーガニックコットンTシャツ,B08STUVWX6,3680,28,new_new,SHIRT,2023-01
SKU-CLOT-010,オーガニックコットンTシャツ,B08STUVWX6,3680,25,new_new,SHIRT,2023-07
SKU-CLOT-010,オーガニックコットンTシャツ,B08STUVWX6,3380,22,new_new,SHIRT,2024-01
SKU-CLOT-010,オーガニックコットンTシャツ,B08STUVWX6,3380,20,new_new,SHIRT,2024-07
SKU-HEAL-011,アロマディフューザー,B07YZABCD7,5980,18,new_new,AROMATHERAPY_DIFFUSER,2022-01
SKU-HEAL-011,アロマディフューザー,B07YZABCD7,5980,15,new_new,AROMATHERAPY_DIFFUSER,2022-07
SKU-HEAL-011,アロマディフューザー,B07YZABCD7,5480,12,new_new,AROMATHERAPY_DIFFUSER,2023-01
SKU-HEAL-011,アロマディフューザー,B07YZABCD7,5480,10,new_new,AROMATHERAPY_DIFFUSER,2023-07
SKU-HEAL-011,アロマディフューザー,B07YZABCD7,4980,8,new_new,AROMATHERAPY_DIFFUSER,2024-01
SKU-HEAL-011,アロマディフューザー,B07YZABCD7,4980,6,new_new,AROMATHERAPY_DIFFUSER,2024-07
SKU-TECH-012,USB-C充電ケーブル,B09EFGHIJ8,1480,90,new_new,CABLE,2022-01
SKU-TECH-012,USB-C充電ケーブル,B09EFGHIJ8,1480,85,new_new,CABLE,2022-07
SKU-TECH-012,USB-C充電ケーブル,B09EFGHIJ8,1280,80,new_new,CABLE,2023-01
SKU-TECH-012,USB-C充電ケーブル,B09EFGHIJ8,1280,75,new_new,CABLE,2023-07
SKU-TECH-012,USB-C充電ケーブル,B09EFGHIJ8,1080,70,new_new,CABLE,2024-01
SKU-TECH-012,USB-C充電ケーブル,B09EFGHIJ8,1080,65,new_new,CABLE,2024-07
SKU-OUTD-013,アウトドアチェア,B08KLMNOP9,8980,10,new_new,CHAIR,2022-01
SKU-OUTD-013,アウトドアチェア,B08KLMNOP9,8980,8,new_new,CHAIR,2022-07
SKU-OUTD-013,アウトドアチェア,B08KLMNOP9,8480,6,new_new,CHAIR,2023-01
SKU-OUTD-013,アウトドアチェア,B08KLMNOP9,8480,5,new_new,CHAIR,2023-07
SKU-OUTD-013,アウトドアチェア,B08KLMNOP9,7980,4,new_new,CHAIR,2024-01
SKU-OUTD-013,アウトドアチェア,B08KLMNOP9,7980,3,new_new,CHAIR,2024-07
SKU-PETS-014,犬用おもちゃ ロープ,B07QRSTUV0,980,70,new_new,DOG_TOY,2022-01
SKU-PETS-014,犬用おもちゃ ロープ,B07QRSTUV0,980,65,new_new,DOG_TOY,2022-07
SKU-PETS-014,犬用おもちゃ ロープ,B07QRSTUV0,880,60,new_new,DOG_TOY,2023-01
SKU-PETS-014,犬用おもちゃ ロープ,B07QRSTUV0,880,55,new_new,DOG_TOY,2023-07
SKU-PETS-014,犬用おもちゃ ロープ,B07QRSTUV0,780,50,new_new,DOG_TOY,2024-01
SKU-PETS-014,犬用おもちゃ ロープ,B07QRSTUV0,780,45,new_new,DOG_TOY,2024-07
SKU-MUSI-015,Bluetoothスピーカー,B09WXYZAB1,9980,20,new_new,SPEAKERS,2022-01
SKU-MUSI-015,Bluetoothスピーカー,B09WXYZAB1,9980,18,new_new,SPEAKERS,2022-07
SKU-MUSI-015,Bluetoothスピーカー,B09WXYZAB1,9480,15,new_new,SPEAKERS,2023-01
SKU-MUSI-015,Bluetoothスピーカー,B09WXYZAB1,9480,12,new_new,SPEAKERS,2023-07
SKU-MUSI-015,Bluetoothスピーカー,B09WXYZAB1,8980,10,new_new,SPEAKERS,2024-01
SKU-MUSI-015,Bluetoothスピーカー,B09WXYZAB1,8980,8,new_new,SPEAKERS,2024-07
SKU-AUTO-016,車用スマホホルダー,B08CDEFGH2,2480,45,new_new,AUTOMOTIVE_ACCESSORY,2022-01
SKU-AUTO-016,車用スマホホルダー,B08CDEFGH2,2480,42,new_new,AUTOMOTIVE_ACCESSORY,2022-07
SKU-AUTO-016,車用スマホホルダー,B08CDEFGH2,2280,38,new_new,AUTOMOTIVE_ACCESSORY,2023-01
SKU-AUTO-016,車用スマホホルダー,B08CDEFGH2,2280,35,new_new,AUTOMOTIVE_ACCESSORY,2023-07
SKU-AUTO-016,車用スマホホルダー,B08CDEFGH2,1980,32,new_new,AUTOMOTIVE_ACCESSORY,2024-01
SKU-AUTO-016,車用スマホホルダー,B08CDEFGH2,1980,30,new_new,AUTOMOTIVE_ACCESSORY,2024-07
SKU-CAME-017,デジタルカメラ用三脚,B07IJKLMN3,6980,14,new_new,TRIPOD,2022-01
SKU-CAME-017,デジタルカメラ用三脚,B07IJKLMN3,6980,12,new_new,TRIPOD,2022-07
SKU-CAME-017,デジタルカメラ用三脚,B07IJKLMN3,6480,10,new_new,TRIPOD,2023-01
SKU-CAME-017,デジタルカメラ用三脚,B07IJKLMN3,6480,8,new_new,TRIPOD,2023-07
SKU-CAME-017,デジタルカメラ用三脚,B07IJKLMN3,5980,6,new_new,TRIPOD,2024-01
SKU-CAME-017,デジタルカメラ用三脚,B07IJKLMN3,5980,5,new_new,TRIPOD,2024-07
SKU-FOOD-018,オーガニック緑茶,B09OPQRST4,1680,80,new_new,TEA,2022-01
SKU-FOOD-018,オーガニック緑茶,B09OPQRST4,1680,75,new_new,TEA,2022-07
SKU-FOOD-018,オーガニック緑茶,B09OPQRST4,1580,70,new_new,TEA,2023-01
SKU-FOOD-018,オーガニック緑茶,B09OPQRST4,1580,65,new_new,TEA,2023-07
SKU-FOOD-018,オーガニック緑茶,B09OPQRST4,1480,60,new_new,TEA,2024-01
SKU-FOOD-018,オーガニック緑茶,B09OPQRST4,1480,55,new_new,TEA,2024-07
SKU-JEWL-019,シルバーネックレス,B08UVWXYZ5,12800,8,new_new,NECKLACE,2022-01
SKU-JEWL-019,シルバーネックレス,B08UVWXYZ5,12800,6,new_new,NECKLACE,2022-07
SKU-JEWL-019,シルバーネックレス,B08UVWXYZ5,11800,4,new_new,NECKLACE,2023-01
SKU-JEWL-019,シルバーネックレス,B08UVWXYZ5,11800,3,new_new,NECKLACE,2023-07
SKU-JEWL-019,シルバーネックレス,B08UVWXYZ5,10800,2,new_new,NECKLACE,2024-01
SKU-JEWL-019,シルバーネックレス,B08UVWXYZ5,10800,1,new_new,NECKLACE,2024-07
SKU-BABY-020,ベビー用品セット,B07ABCDEF6,5980,25,new_new,BABY_PRODUCT,2022-01
SKU-BABY-020,ベビー用品セット,B07ABCDEF6,5980,22,new_new,BABY_PRODUCT,2022-07
SKU-BABY-020,ベビー用品セット,B07ABCDEF6,5680,18,new_new,BABY_PRODUCT,2023-01
SKU-BABY-020,ベビー用品セット,B07ABCDEF6,5680,15,new_new,BABY_PRODUCT,2023-07
SKU-BABY-020,ベビー用品セット,B07ABCDEF6,5280,12,new_new,BABY_PRODUCT,2024-01
SKU-BABY-020,ベビー用品セット,B07ABCDEF6,5280,10,new_new,BABY_PRODUCT,2024-07,B09MNOPQR5,780,75,new_new,PEN,2022-07
SKU-STAT-009,高機能ボールペン,B09MNOPQR5,680,70,new_new,PEN,2023-01
SKU-STAT-009,高機能ボールペン,B09MNOPQR5,680,65,new_new,PEN,2023-07
SKU-STAT-009,高機能ボールペン,B09MNOPQR5,580,60,new_new,PEN,2024-01
SKU-STAT-009,高機能ボールペン,B09MNOPQR5,580,55,new_new,PEN,2024-07
SKU-CLOT-010,オーガニックコットンTシャツ,B08STUVWX6,3980,35,new_new,SHIRT,2022-01
SKU-CLOT-010,オーガニックコットンTシャツ,B08STUVWX6,3980,32,new_new,SHIRT,2022-07
SKU-CLOT-010,オーガニックコットンTシャツ,B08STUVWX6,3680,28,new_new,SHIRT,2023-01
SKU-CLOT-010,オーガニックコットンTシャツ,B08STUVWX6,3680,25,new_new,SHIRT,2023-07
SKU-CLOT-010,オーガニックコットンTシャツ,B08STUVWX6,3380,22,new_new,SHIRT,2024-01
SKU-CLOT-010,オーガニックコットンTシャツ,B08STUVWX6,3380,20,new_new,SHIRT,2024-07
SKU-HEAL-011,アロマディフューザー,B07YZABCD7,5980,18,new_new,AROMATHERAPY_DIFFUSER,2022-01
SKU-HEAL-011,アロマディフューザー,B07YZABCD7,5980,15,new_new,AROMATHERAPY_DIFFUSER,2022-07
SKU-HEAL-011,アロマディフューザー,B07YZABCD7,5480,12,new_new,AROMATHERAPY_DIFFUSER,2023-01
SKU-HEAL-011,アロマディフューザー,B07YZABCD7,5480,10,new_new,AROMATHERAPY_DIFFUSER,2023-07
SKU-HEAL-011,アロマディフューザー,B07YZABCD7,4980,8,new_new,AROMATHERAPY_DIFFUSER,2024-01
SKU-HEAL-011,アロマディフューザー,B07YZABCD7,4980,6,new_new,AROMATHERAPY_DIFFUSER,2024-07
SKU-TECH-012,USB-C充電ケーブル,B09EFGHIJ8,1480,90,new_new,CABLE,2022-01
SKU-TECH-012,USB-C充電ケーブル,B09EFGHIJ8,1480,85,new_new,CABLE,2022-07
SKU-TECH-012,USB-C充電ケーブル,B09EFGHIJ8,1280,80,new_new,CABLE,2023-01
SKU-TECH-012,USB-C充電ケーブル,B09EFGHIJ8,1280,75,new_new,CABLE,2023-07
SKU-TECH-012,USB-C充電ケーブル,B09EFGHIJ8,1080,70,new_new,CABLE,2024-01
SKU-TECH-012,USB-C充電ケーブル,B09EFGHIJ8,1080,65,new_new,CABLE,2024-07
SKU-OUTD-013,アウトドアチェア,B08KLMNOP9,8980,10,new_new,CHAIR,2022-01
SKU-OUTD-013,アウトドアチェア,B08KLMNOP9,8980,8,new_new,CHAIR,2022-07
SKU-OUTD-013,アウトドアチェア,B08KLMNOP9,8480,6,new_new,CHAIR,2023-01
SKU-OUTD-013,アウトドアチェア,B08KLMNOP9,8480,5,new_new,CHAIR,2023-07
SKU-OUTD-013,アウトドアチェア,B08KLMNOP9,7980,4,new_new,CHAIR,2024-01
SKU-OUTD-013,アウトドアチェア,B08KLMNOP9,7980,3,new_new,CHAIR,2024-07
SKU-PETS-014,犬用おもちゃ ロープ,B07QRSTUV0,980,70,new_new,DOG_TOY,2022-01
SKU-PETS-014,犬用おもちゃ ロープ,B07QRSTUV0,980,65,new_new,DOG_TOY,2022-07
SKU-PETS-014,犬用おもちゃ ロープ,B07QRSTUV0,880,60,new_new,DOG_TOY,2023-01
SKU-PETS-014,犬用おもちゃ ロープ,B07QRSTUV0,880,55,new_new,DOG_TOY,2023-07
SKU-PETS-014,犬用おもちゃ ロープ,B07QRSTUV0,780,50,new_new,DOG_TOY,2024-01
SKU-PETS-014,犬用おもちゃ ロープ,B07QRSTUV0,780,45,new_new,DOG_TOY,2024-07
SKU-MUSI-015,Bluetoothスピーカー,B09WXYZAB1,9980,20,new_new,SPEAKERS,2022-01
SKU-MUSI-015,Bluetoothスピーカー,B09WXYZAB1,9980,18,new_new,SPEAKERS,2022-07
SKU-MUSI-015,Bluetoothスピーカー,B09WXYZAB1,9480,15,new_new,SPEAKERS,2023-01
SKU-MUSI-015,Bluetoothスピーカー,B09WXYZAB1,9480,12,new_new,SPEAKERS,2023-07
SKU-MUSI-015,Bluetoothスピーカー,B09WXYZAB1,8980,10,new_new,SPEAKERS,2024-01
SKU-MUSI-015,Bluetoothスピーカー,B09WXYZAB1,8980,8,new_new,SPEAKERS,2024-07
SKU-AUTO-016,車用スマホホルダー,B08CDEFGH2,2480,45,new_new,AUTOMOTIVE_ACCESSORY,2022-01
SKU-AUTO-016,車用スマホホルダー,B08CDEFGH2,2480,42,new_new,AUTOMOTIVE_ACCESSORY,2022-07
SKU-AUTO-016,車用スマホホルダー,B08CDEFGH2,2280,38,new_new,AUTOMOTIVE_ACCESSORY,2023-01
SKU-AUTO-016,車用スマホホルダー,B08CDEFGH2,2280,35,new_new,AUTOMOTIVE_ACCESSORY,2023-07
SKU-AUTO-016,車用スマホホルダー,B08CDEFGH2,1980,32,new_new,AUTOMOTIVE_ACCESSORY,2024-01
SKU-AUTO-016,車用スマホホルダー,B08CDEFGH2,1980,30,new_new,AUTOMOTIVE_ACCESSORY,2024-07
SKU-CAME-017,デジタルカメラ用三脚,B07IJKLMN3,6980,14,new_new,TRIPOD,2022-01
SKU-CAME-017,デジタルカメラ用三脚,B07IJKLMN3,6980,12,new_new,TRIPOD,2022-07
SKU-CAME-017,デジタルカメラ用三脚,B07IJKLMN3,6480,10,new_new,TRIPOD,2023-01
SKU-CAME-017,デジタルカメラ用三脚,B07IJKLMN3,6480,8,new_new,TRIPOD,2023-07
SKU-CAME-017,デジタルカメラ用三脚,B07IJKLMN3,5980,6,new_new,TRIPOD,2024-01
SKU-CAME-017,デジタルカメラ用三脚,B07IJKLMN3,5980,5,new_new,TRIPOD,2024-07
SKU-FOOD-018,オーガニック緑茶,B09OPQRST4,1680,80,new_new,TEA,2022-01
SKU-FOOD-018,オーガニック緑茶,B09OPQRST4,1680,75,new_new,TEA,2022-07
SKU-FOOD-018,オーガニック緑茶,B09OPQRST4,1580,70,new_new,TEA,2023-01
SKU-FOOD-018,オーガニック緑茶,B09OPQRST4,1580,65,new_new,TEA,2023-07
SKU-FOOD-018,オーガニック緑茶,B09OPQRST4,1480,60,new_new,TEA,2024-01
SKU-FOOD-018,オーガニック緑茶,B09OPQRST4,1480,55,new_new,TEA,2024-07
SKU-JEWL-019,シルバーネックレス,B08UVWXYZ5,12800,8,new_new,NECKLACE,2022-01
SKU-JEWL-019,シルバーネックレス,B08UVWXYZ5,12800,6,new_new,NECKLACE,2022-07
SKU-JEWL-019,シルバーネックレス,B08UVWXYZ5,11800,4,new_new,NECKLACE,2023-01
SKU-JEWL-019,シルバーネックレス,B08UVWXYZ5,11800,3,new_new,NECKLACE,2023-07
SKU-JEWL-019,シルバーネックレス,B08UVWXYZ5,10800,2,new_new,NECKLACE,2024-01
SKU-JEWL-019,シルバーネックレス,B08UVWXYZ5,10800,1,new_new,NECKLACE,2024-07
SKU-BABY-020,ベビー用品セット,B07ABCDEF6,5980,25,new_new,BABY_PRODUCT,2022-01
SKU-BABY-020,ベビー用品セット,B07ABCDEF6,5980,22,new_new,BABY_PRODUCT,2022-07
SKU-BABY-020,ベビー用品セット,B07ABCDEF6,5680,18,new_new,BABY_PRODUCT,2023-01
SKU-BABY-020,ベビー用品セット,B07ABCDEF6,5680,15,new_new,BABY_PRODUCT,2023-07
SKU-BABY-020,ベビー用品セット,B07ABCDEF6,5280,12,new_new,BABY_PRODUCT,2024-01
SKU-BABY-020,ベビー用品セット,B07ABCDEF6,5280,10,new_new,BABY_PRODUCT,2024-07
